insert into user_tb(username, password, salt, name, email, contact, created_at) values('ssar', '356067e7d02ead0e9086e3f9e9cef88e8f6ca59222cd180bbf1a6205b7b40631', '{bcrypt}$2a$10$4h5bhPEcnLEsQ7fe.1Rx5OfeEH0VLV9LE0kDb1WqwWMRsjsCptRmy', '김동석', 'ssar@nate.com', '010-1111-2222', now());
insert into user_tb(username, password, salt, name, email, contact, created_at) values('cos', '356067e7d02ead0e9086e3f9e9cef88e8f6ca59222cd180bbf1a6205b7b40631', '{bcrypt}$2a$10$4h5bhPEcnLEsQ7fe.1Rx5OfeEH0VLV9LE0kDb1WqwWMRsjsCptRmy', '최영우', 'cos@nate.com', '010-2222-3333', now());

insert into enterprise_tb(enterprise_name, password, salt, address, contact, email, sector, size, created_at) values('긴트', '356067e7d02ead0e9086e3f9e9cef88e8f6ca59222cd180bbf1a6205b7b40631', '{bcrypt}$2a$10$4h5bhPEcnLEsQ7fe.1Rx5OfeEH0VLV9LE0kDb1WqwWMRsjsCptRmy', '강남구 삼성동 75-6 수당빌딩 4층', '010-7763-4370', 'company@nate.com', '스타트업', '스타트업', now());
insert into enterprise_tb(enterprise_name, password, salt, address, contact, email, sector, size, created_at) values('더데이비포', '356067e7d02ead0e9086e3f9e9cef88e8f6ca59222cd180bbf1a6205b7b40631', '{bcrypt}$2a$10$4h5bhPEcnLEsQ7fe.1Rx5OfeEH0VLV9LE0kDb1WqwWMRsjsCptRmy', '영등포구 국회대로 50길 20', '010-7763-4370', 'company@nate.com', '스타트업', '스타트업', now());
insert into enterprise_tb(enterprise_name, password, salt, address, contact, email, sector, size, created_at) values('에이인비', '356067e7d02ead0e9086e3f9e9cef88e8f6ca59222cd180bbf1a6205b7b40631', '{bcrypt}$2a$10$4h5bhPEcnLEsQ7fe.1Rx5OfeEH0VLV9LE0kDb1WqwWMRsjsCptRmy', '영등포구 국회대로 50길 20', '010-7763-4370', 'company@nate.com', '스타트업', '스타트업', now());
insert into enterprise_tb(enterprise_name, password, salt, address, contact, email, sector, size, created_at) values('신한카드', '356067e7d02ead0e9086e3f9e9cef88e8f6ca59222cd180bbf1a6205b7b40631', '{bcrypt}$2a$10$4h5bhPEcnLEsQ7fe.1Rx5OfeEH0VLV9LE0kDb1WqwWMRsjsCptRmy', '서울 중구 을지로 100', '010-7763-4370', 'company@nate.com', '대기업', '대기업', now());
insert into enterprise_tb(enterprise_name, password, salt, address, contact, email, sector, size, created_at) values('피플즈리그', '356067e7d02ead0e9086e3f9e9cef88e8f6ca59222cd180bbf1a6205b7b40631', '{bcrypt}$2a$10$4h5bhPEcnLEsQ7fe.1Rx5OfeEH0VLV9LE0kDb1WqwWMRsjsCptRmy', '구로디지털단지역 근처', '010-7763-4370', 'company@nate.com', '스타트업', '스타트업', now());
insert into enterprise_tb(enterprise_name, password, salt, address, contact, email, sector, size, created_at) values('포카', '356067e7d02ead0e9086e3f9e9cef88e8f6ca59222cd180bbf1a6205b7b40631', '{bcrypt}$2a$10$4h5bhPEcnLEsQ7fe.1Rx5OfeEH0VLV9LE0kDb1WqwWMRsjsCptRmy', '서울특별시 마포구 마포대로', '010-7763-4370', 'company@nate.com', '인력소싱', '스타트업', now());
insert into enterprise_tb(enterprise_name, password, salt, address, contact, email, sector, size, created_at) values('세컨신드롬', '356067e7d02ead0e9086e3f9e9cef88e8f6ca59222cd180bbf1a6205b7b40631', '{bcrypt}$2a$10$4h5bhPEcnLEsQ7fe.1Rx5OfeEH0VLV9LE0kDb1WqwWMRsjsCptRmy', '서울전체, 서울 강서구', '010-7763-4370', 'company@nate.com', '스타트업', '스타트업', now());
insert into enterprise_tb(enterprise_name, password, salt, address, contact, email, sector, size, created_at) values('버드코리아', '356067e7d02ead0e9086e3f9e9cef88e8f6ca59222cd180bbf1a6205b7b40631', '{bcrypt}$2a$10$4h5bhPEcnLEsQ7fe.1Rx5OfeEH0VLV9LE0kDb1WqwWMRsjsCptRmy', '서울.한국', '010-7763-4370', '1', '스타트업', '스타트업', now());
insert into enterprise_tb(enterprise_name, password, salt, address, contact, email, sector, size, created_at) values('노티플러스', '356067e7d02ead0e9086e3f9e9cef88e8f6ca59222cd180bbf1a6205b7b40631', '{bcrypt}$2a$10$4h5bhPEcnLEsQ7fe.1Rx5OfeEH0VLV9LE0kDb1WqwWMRsjsCptRmy', '서울특별시 강남구 테헤란로37길 7, 6~7층(역삼동, 조이타워)', '010-7763-4370', 'company@nate.com', '서비스', '스타트업', now());
insert into enterprise_tb(enterprise_name, password, salt, address, contact, email, sector, size, created_at) values('라인플러스', '356067e7d02ead0e9086e3f9e9cef88e8f6ca59222cd180bbf1a6205b7b40631', '{bcrypt}$2a$10$4h5bhPEcnLEsQ7fe.1Rx5OfeEH0VLV9LE0kDb1WqwWMRsjsCptRmy', '성남 분당구 황새울로360번길 42', '010-7763-4370', 'company@nate.com', '대기업', '대기업', now());
insert into enterprise_tb(enterprise_name, password, salt, address, contact, email, sector, size, created_at) values('퓨렌스', '356067e7d02ead0e9086e3f9e9cef88e8f6ca59222cd180bbf1a6205b7b40631', '{bcrypt}$2a$10$4h5bhPEcnLEsQ7fe.1Rx5OfeEH0VLV9LE0kDb1WqwWMRsjsCptRmy', '성남 분당구 황새울로360번길 42', '010-7763-4370', 'company@nate.com', '대기업', '대기업', now());


insert into bookmark_tb(user_id, recruitment_id, created_at) values(1,1,now());
insert into bookmark_tb(user_id, recruitment_id, created_at) values(1,2,now());
insert into bookmark_tb(user_id, recruitment_id, created_at) values(1,3,now());
insert into bookmark_tb(user_id, recruitment_id, created_at) values(1,4,now());
insert into bookmark_tb(user_id, recruitment_id, created_at) values(2,5,now());
insert into bookmark_tb(user_id, recruitment_id, created_at) values(2,6,now());
insert into bookmark_tb(user_id, recruitment_id, created_at) values(2,7,now());
insert into bookmark_tb(user_id, recruitment_id, created_at) values(2,8,now());

insert into user_skill_tb(user_id, skill) values(1, 3);
insert into user_skill_tb(user_id, skill) values(1, 4);
insert into user_skill_tb(user_id, skill) values(2, 5);
insert into user_skill_tb(user_id, skill) values(2, 6);
insert into user_skill_tb(user_id, skill) values(2, 7);
insert into user_skill_tb(user_id, skill) values(2, 8);

insert into recruitment_skill_tb(recruitment_id, skill ) values(1, 2);
insert into recruitment_skill_tb(recruitment_id, skill ) values(1, 5);
insert into recruitment_skill_tb(recruitment_id, skill ) values(1, 6);
insert into recruitment_skill_tb(recruitment_id, skill ) values(2, 1);
insert into recruitment_skill_tb(recruitment_id, skill ) values(2, 2);
insert into recruitment_skill_tb(recruitment_id, skill ) values(2, 7);
insert into recruitment_skill_tb(recruitment_id, skill ) values(2, 8);
insert into recruitment_skill_tb(recruitment_id, skill ) values(2, 10);
insert into recruitment_skill_tb(recruitment_id, skill ) values(2, 11);
insert into recruitment_skill_tb(recruitment_id, skill ) values(3, 1);
insert into recruitment_skill_tb(recruitment_id, skill ) values(3, 6);
insert into recruitment_skill_tb(recruitment_id, skill ) values(3, 9);
insert into recruitment_skill_tb(recruitment_id, skill ) values(3, 11);
insert into recruitment_skill_tb(recruitment_id, skill ) values(4, 2);
insert into recruitment_skill_tb(recruitment_id, skill ) values(4, 6);
insert into recruitment_skill_tb(recruitment_id, skill ) values(4, 8);
insert into recruitment_skill_tb(recruitment_id, skill ) values(4, 11);
insert into recruitment_skill_tb(recruitment_id, skill ) values(5, 1);
insert into recruitment_skill_tb(recruitment_id, skill ) values(5, 4);
insert into recruitment_skill_tb(recruitment_id, skill ) values(5, 8);
insert into recruitment_skill_tb(recruitment_id, skill ) values(6, 3);
insert into recruitment_skill_tb(recruitment_id, skill ) values(6, 4);
insert into recruitment_skill_tb(recruitment_id, skill ) values(7, 7);
insert into recruitment_skill_tb(recruitment_id, skill ) values(7, 8);
insert into recruitment_skill_tb(recruitment_id, skill ) values(7, 11);
insert into recruitment_skill_tb(recruitment_id, skill ) values(8, 1);
insert into recruitment_skill_tb(recruitment_id, skill ) values(8, 3);
insert into recruitment_skill_tb(recruitment_id, skill ) values(8, 4);
insert into recruitment_skill_tb(recruitment_id, skill ) values(8, 9);
insert into recruitment_skill_tb(recruitment_id, skill ) values(9, 2);
insert into recruitment_skill_tb(recruitment_id, skill ) values(9, 5);
insert into recruitment_skill_tb(recruitment_id, skill ) values(9, 9);
insert into recruitment_skill_tb(recruitment_id, skill ) values(9, 11);
insert into recruitment_skill_tb(recruitment_id, skill ) values(10, 7);
insert into recruitment_skill_tb(recruitment_id, skill ) values(10, 8);
insert into recruitment_skill_tb(recruitment_id, skill ) values(10, 9);
insert into recruitment_skill_tb(recruitment_id, skill ) values(10, 11);
insert into recruitment_skill_tb(recruitment_id, skill ) values(11, 9);
insert into recruitment_skill_tb(recruitment_id, skill ) values(11, 10);
insert into recruitment_skill_tb(recruitment_id, skill ) values(11, 11);

insert into resume_tb(user_id, title, content, career, education, skill, award, language, link, birthdate, address, finish, created_at)  
values('1', 
'개발 친화적 커뮤니케이션으로 주간 개발 목표 달성률 50%P 향상', 
'게임 커뮤니티를 둘러보던 중, 같이 게임을 할 팀원을 구하는 팀원 모집 게시판을 발견했습니다. 원하는 팀원의 역할군과 플레이 가능 시간대 등을 게시판에 글로 써서 팀원을 구하는 것이 굉장히 불편해 보였습니다. 게시글의 총 개수를 취합해봤더니 하루 평균 약 4,000~5,000개의 팀원 모 집 글이 게시되고 있었습니다. 하지만, 이후 조사를 통해 국내에는 이들을 연결해주는 서비스가 거의 없다는 사실을 알게 되었습니다. 저는 국내 게이머들을 위한 팀원 매칭 서비스를 직접 만들고자 네이버 카페에서 개발자, 디자이너, 기획자를 모집해 총 4명의 팀원과 프로젝트팀을 구성했습니다. 저는 프로젝트 팀장으로서 사업 계획 수립 및 서비스 기획 관련 업무 총괄 그리고 기획 팀과 개발팀의 의견을 조율하는 역할을 담당했습니다. 프로젝트 초반 당시, 개발팀에 업무가 과도 하게 편중되는 문제에 직면했습니다. 글만 가득한 기획안을 보고 개발팀이 내용을 이해하는데 너 무 많은 시간과 노력이 소모되는 것이 주원인이었습니다. 이를 해결하기 위해, 개발팀이 기획 내 용을 직관적으로 이해할 수 있도록 기획 내용을 이미지 형태로 시각화하고 더 나아가 내용의 이 해를 돕기 위한 참고 이미지도 기획안에 첨부하였습니다. 또한, 개발팀 회의에도 항상 참여하여 서비스 기획 방향과 개발 및 구현 방식을 의논하고 공유함으로써 개발팀과 더욱 적극적인 업무 협력을 진행하였습니다. 이러한 노력 덕에 개발팀이 기획 내용 이해에 소비하는 시간과 노력이 크게 감소하였고 주간 개발 목표 달성률을 30%에서 80%로 향상함으로써 업무 효율성을 높일 수 있었습니다. 이를 통해 교내 우수창업동아리 선정 및 18대 1의 경쟁률을 뚫고 교내 창업경진대회 결선 진출 성공이라는 성과도 거두었습니다. 개발자 및 디자이너와의 1년간의 협업 경험을 통해 효율적인 협업의 시작은 정보를 전달 받는 상대방이 더 쉽게 이해할 수 있는 방법을 고민하는 것이라는 사실을 깨달았습니다.', 
'Cyber Security 침해 대응 및 취약점 진단 등 IT 정보보호 점검/개선
OT/ICS 보안 및 대내외 정보보호 점검 대응', 
'중앙대학교 컴퓨터공학과(2009.03~2017.02)', 
'ReactJS, Typescript, Zustand, AWS', 
'', 
'토익 880, Registration Number: 873493', 
'https://github.com/InSeong-So/IT-Note',
'1990.01.30', 
'경남 창원시 진해구 두동서로 33', 
true, 
now()); 

insert into resume_tb(user_id, title, content, career, education, skill, award, language, link, birthdate, address, finish, created_at)  
values('1',
'온라인 쇼핑 플랫폼에 화장품 소비자의 니즈를 반영하다', 
'OOO쇼핑사와의 산학협력 프로젝트를 수행하며 화장품/미용 카테고리의 20대 사용자 유치를 위한 서비스 개선 방안을 기획했습니다. 그 과정에서 화장품 소비자들의 구매 패턴과 소비 트렌드를 분석하고, 서비스에 적용하는 방법을 배웠습니다. 특히 소비자들이 화장품을 탐색할 때 피부 특성, 제품 기능 등을 기준으로 리뷰를 선별해 참고하려는 니즈가 있음을 고객 인터뷰를 통해 확인했습니다. 이러한 인사이트를 바탕으로 리뷰의 유효한 키워드를 추출해 검색과 추천에 활용하여 폭넓은 탐색을 돕는 솔루션을 직접 기획했습니다. 그 결과 필요하면서도 적용 가능할 정도로 현실성 있는 기획안이었다는 현직자분들의 피드백을 받았습니다. 그 외에도 재구매 패턴이나 연령대 등에 따라 선호하는 제품 추천 기능이 달라지는 경향 등을 분석하며 맞춤형 서비스 구현에 필요한 화장품 소비자들의 다양한 니즈를 이해했습니다.', 
'Cyber Security 침해 대응 및 취약점 진단 등 IT 정보보호 점검/개선
OT/ICS 보안 및 대내외 정보보호 점검 대응', 
'중앙대학교 컴퓨터공학과(2009.03~2017.02)', 
'React, VueJS, CSS, Node.js, AWS', 
'', 
'토익 880, Registration Number: 873493', 
'https://github.com/InSeong-So/IT-Note',
'1990.01.30', 
'경남 창원시 진해구 두동서로 33', 
false, 
now()); 

insert into resume_tb(user_id, title, content, career, education, skill, award, language, link, birthdate, address, finish, created_at)  
values('1',
'데이터 기반으로 기획한 프로모션을 통해 230만원 매출 달성', 
'마케팅 콘텐츠 관리에는 노출, 유입률 등 데이터를 분석하고 이를 바탕으로 개선해 나갈 수 있어야 한다고 생각합니다. 마케팅 인턴십에서 고객 데이터를 분석하고 문제를 해결하는 경험을 통해 이러한 역량을 길렀습니다. 서비스의 신규고객 구매전환율을 개선해야 하는 프로젝트을 배정 받은 후 구글 애널리틱스 등을 활용해 여러 관점으로 고객의 행동 패턴을 분석했습니다. 그리고 평균 객단가를 산출해 이를 기반으로 첫 구매 마일리지를 지급하는 프로모션을 기획했습니다. 프로모션 홍보 이메일 및 SMS 내 링크에 태그를 삽입하여 유입 고객의 데이터를 수집했고, 고객의 데이터베이스를 엑셀에 연결해 객단가, 가입 시기 등을 실시간으로 추적했습니다. 이를 분석해 신규고객에 대한 인사이트를 도출하고 추가적인 마케팅 방안을 기획해 주간 회의에서 발표한 결과, 높은 성과와 지속적으로 활용 가능한 마케팅 사례를 남긴 노력을 인정받아 해당 인턴십의 직무 우수자로 선정되었습니다.', 
'Cyber Security 침해 대응 및 취약점 진단 등 IT 정보보호 점검/개선
OT/ICS 보안 및 대내외 정보보호 점검 대응', 
'중앙대학교 컴퓨터공학과(2009.03~2017.02)', 
'React, VueJS, CSS, Node.js, AWS', 
'', 
'토익 880, Registration Number: 873493', 
'https://github.com/InSeong-So/IT-Note',
'1990.01.30', 
'경남 창원시 진해구 두동서로 33', 
false, 
now()); 

insert into resume_tb(user_id, title, content, career, education, skill, award, language, link, birthdate, address, finish, created_at)  
values('2',
'소통의 오류를 문화의 이해로 해결하다', 
'대학생 시절, 일본인 교환학생과 토론 동아리 활동을 한 경험이 있습니다. 매주 진행하는 토론에서 일본인 학생의 참여율이 저조해졌습니다. 토론의 특성 상 서로의 의견을 피력하고 설득하는 과정에서 감정이 격양되는 점이 부담이 될 것이라고 추측했습니다. 직설적인 표현보다는 돌려 말하는 것이 문화인 일본인에게 토론의 열기는 오히려 부담될 것으로 생각했습니다. 그리하여 문제를 해결하기 위해 먼저 언어적으로 서로를 이해할 수 있는 시간을 가졌습니다. 한글이 익숙하지 않은 학생에게 한국어 교재와 드라마를 추천하며 유대감을 쌓아갔습니다. 또한, 점심으로 일본 음식을 먹고 일어를 배우면서 그들의 문화를 이해하고 존중하는 시간을 가졌습니다. 동아리 활동이 끝나고 일본인 학생은 타지에서 온 자신을 이해하고 배려하려는 태도에 감동을 하여 자신의 집에 놀러 올 것을 권유하면서 고국으로 돌아갔습니다.

이 경험을 통해 갈등의 원인이 문화의 차이임을 인정하고 서로의 문화를 존중하고 배려하는 마음만 있다면 어떤 문화의 사람이든 함께 즐길 수 있다는 것을 깨달았습니다.', 
'', 
'부산대학교 컴퓨터공학과(2015.03~2021.02), 부경대학교 컴퓨터공학 석사(2022.03~)', 
'React, VueJS, CSS, Node.js, AWS', 
'ICT 스마트 디바이스 전국공모전 우수상(2020.08)', 
'토익 770, 오픽 AL, 중국어 HSK 5급', 
'https://github.com/jungilhan/awesome-blogs-android',
'1996.05.25', 
'서울시 강남구 삼성로95길 6', 
true, 
now()); 

insert into resume_tb(user_id, title, content, career, education, skill, award, language, link, birthdate, address, finish, created_at)  
values('2',
'할 수 있다는 믿음으로 달성한 첫 수상', 
'대학생 시절, 저는 AI 개발을 공부해보자는 다짐을 가지고 수상을 목표로 대회에 출전하였습니다. AI 알고리즘 코드를 짜본 경험이 없었기 때문에 대회 진행에 어려움을 겪었습니다. 그리하여 AI 개발에 능숙하신 교수님과 선배님들에게 이메일을 보내 적극적으로 도움을 요청하였습니다. 또한, 대회와 관련된 교내의 모든 AI 서적과 깃헙의 코드를 공부하면서 코드를 완성하였습니다. 하지만 수상을 목표로 출전한 대회에서는 입상도 하지 못하였습니다. 하지만 실패에 낙담하지 않고 뭐든지 할 수 있다는 믿음으로 대회에 다시 출전하였습니다. 팀원을 모아 다양한 시각을 통해 문제를 극복하고, 정기적으로 교수님에게 첨삭을 받으면서 프로젝트의 방향성이 맞는 지를 확인했습니다. 1년 동안 같은 데이터로 꾸준히 연구한 결과를 논문으로 구체화하였고, 그 결과 대회에서 최우수상을 받을 수 있었습니다. 1년의 프로젝트에서 지치지 않고 좋은 성과를 만들어낸 경험을 토대로 SK텔레콤에서 추진력을 발휘하여 최고의 결과를 낼 수 있도록 기여하고 싶습니다.', 
'', 
'부산대학교 컴퓨터공학과(2015.03~2021.02), 부경대학교 컴퓨터공학 석사(2022.03~)', 
'ReactJS, Typescript, Zustand, AWS', 
'ICT 스마트 디바이스 전국공모전 우수상(2020.08)', 
'토익 770, 오픽 AL, 중국어 HSK 5급', 
'https://github.com/jungilhan/awesome-blogs-android',
'1996.05.25', 
'서울시 강남구 삼성로95길 6', 
false, 
now()); 

insert into resume_tb(user_id, title, content, career, education, skill, award, language, link, birthdate, address, finish, created_at)  
values('2',
'가장 단순한 해결 방법을 통해 효율적인 결과를 도출하다', 
'전선 탐지 알고리즘 제작 프로젝트를 진행할 당시, AI 알고리즘이 촬영한 사진의 빛 번짐으로 인해 전선을 제대로 탐지하지 못하는 문제가 발생했습니다. 이를 해결하기 위한 회의 과정에서 빛 번짐을 제거할 수 있는 코드를 적용하여 데이터를 전처리 하자는 의견이 나왔습니다. 하지만 촬영한 데이터를 후처리하는 방식보다는 촬영 시에 빛 번짐이 덜한 종이를 뒤에 받쳐 찍으면 더 단순한 방식으로 문제를 해결할 수 있다고 생각했습니다. 그리하여 근처 문구점에서 하드보드지를 사 와서 빛 번짐이 발생하는지 테스트 해본 다음 해당 사진을 근거로 재촬영을 제안했습니다. 결과적으로 물체를 탐지하는 데 걸리는 시간을 최소화할 수 있었고 정확도가 20% 이상 향상 하는 성과를 달성할 수 있었습니다. 또한, 외주사에서 제시한 정확도를 달성하여 프로젝트를 진행할 수 있었습니다. 근본적으로 문제를 해결하려는 마음가짐으로 문제 해결을 위한 가장 효과적이고 단순한 방법을 고안하여 좋은 성과를 낼 수 있었습니다.', 
'', 
'부산대학교 컴퓨터공학과(2015.03~2021.02), 부경대학교 컴퓨터공학 석사(2022.03~)', 
'ReactJS, Typescript, Zustand, AWS', 
'ICT 스마트 디바이스 전국공모전 우수상(2020.08)', 
'토익 770, 오픽 AL, 중국어 HSK 5급', 
'https://github.com/jungilhan/awesome-blogs-android',
'1996.05.25', 
'서울시 강남구 삼성로95길 6', 
false, 
now()); 

insert into recruitment_post_tb(enterprise_id, title, career, education, pay, sector, position, address, content, enterprise_logo,deadline, created_at) values(1,'프론트엔드 개발자','경력','학력무관','면접 후 결정','스타트업','프론트엔드','강남구 삼성동 75-6 수당빌딩 4층','
<img src="/images/gint_post.png"></br>
GINT 는 인류에게 가장 기본적이며 필수적인 산업인 농업, 그 중에서도 생산과정을 근본적으로<br>
해결하기 위해 국내 최고 수준 오토모티브, ICT 전문가들이 모인 Ag-Tech 스타트업입니다. <br>
기술신용평가에서 TI-2등급이라는 최고에 가까운 등급을 받은만큼 기술력, 시장성, 사업성, 경영역량에서도 인정받았습니다.<br>
21년까지 누적 약 100억원 투자를 유치하였고, 23년 상반기 내 Series  B 유치와 함께 자율주행 기술을 시작으로 한 본격적인 미래농업기술과 서비스 보급을 시작할 예정입니다. <br>
Great Inspiration to the NexT, 우리가 꿈꾸는 다음 세대를 위한 비즈니스입니다.<br>
<br>
<b>주요업무</b><br>
• 현재 앱 개선(최적화, 리팩토링, 테스트/배포 등)<br>
• 새로운 앱 혹은 서비스 개발<br>
• 단위/기능 테스트 코드 작성<br>
<br>
<b>자격요건</b><br>
• 경력 3년이상<br>
• Javascript/Typescript 언어 사용이 가능하신 분<br>
• React, React-native 개발이 가능하신 분<br>
<br>
<b>우대사항</b><br>
• Play store/App store 등록 및 배포 경험이 있으신 분<br>
• 필수 언어 외 다른 프로그래밍 언어 사용이 가능하신 분<br>
• CI/CD 환경 구축을 경험하거나 관심이 있으신 분<br>
• 새로운 기술을 익히는데 주저함이 없고 이를 공유 하는걸 즐기시는 분<br>
<br>
<b>혜택 및 복지</b><br>
• 모든 구성원들은 08~10시 사이 자유롭게 출근 할 수 있습니다.<br>
• 회식, 야근에 대한 강요가 없습니다.<br>
• 직무교육, 어학교육, 자격증, 필요 시 학위 취득까지! 지원해드립니다.(근속 6개월 이상)<br>
• 성장, 목표달성, 기여를 기반으로 노력과 성취에 대한 인센티브 제도를 운영합니다.<br>
• 점심, 저녁(야근 시) 식대는 각 13,000원으로 넉넉히 지원해 드리고 있습니다.<br>
• 장기근속 리워드가 있습니다.(리프레쉬휴가 + 선물)<br>
• 다양한 간식 및 커피를 제공합니다.<br>
• 자기계발을 위한 도서비 지원을 합니다.<br>
• 직급에 관계없이 상호 존댓말을 사용하고 있습니다.<br>
• 매년 건강검진을 제공합니다.<br>
• 수면실, 샤워실, 안마의자 등 편하게 휴식할 수 있는 공간이 있습니다.<br>
• 직무 발명 보상제도를 운영하고 있습니다.<br>
• 사내 추천 및 보상제도를 운영하고 있습니다.<br>
• 야근시 택시비를 지원해드립니다.<br>
• 임신기간 근로시간 단축제를 시행하고 있습니다.<br>
• 광교 본사 외 서울 오피스를 듀얼로 운영하고 있습니다.<br>
', '/images/gint_logo.png','2023-03-01',now());

insert into recruitment_post_tb(enterprise_id, title, career, education, pay, sector, position, address, content, enterprise_logo,deadline, created_at) values(2,'안드로이드 개발(2년 이상)','경력','학력무관','면접 후 결정','스타트업','안드로이드','영등포구 국회대로 50길 20','
<img src="/images/the_day_before.png"></br>
디데이를 나답게, 더데이비포입니다.<br>
<br>
더데이비포는 국내 최초로 제작된 디데이 앱 `더데이비포`를 시작으로 `더커플`, `메모위젯` 등을 운영하고 있습니다. 모든 서비스가 한국 뿐 아니라 일본, 대만, 멕시코 등 많은 글로벌 유저들에게 사랑받고 있습니다.<br>
<br>
더데이비포는 누적 다운로드 4,000만+, MAU 356만, DAU 44만으로, 큰 규모의 사용자와 호흡할 수 있는 생동감있는 서비스입니다. 수많은 유저를 기반으로 한 안정적인 상황에서 창의적이고 새로운 도전을 할 수 있는게 큰 장점입니다.<br>
<br>
더커플, 메모위젯 역시 더데이비포를 뒤따라 꾸준히 성장을 보여주고 있습니다.<br>
각기 다른 서비스를 통해 다양한 시도와 도전을 멈추지 않는 우리 팀의 다음 동료가 되어주세요!<br>
수많은 다양한 유저들과 소통하며 유용하고 재미있는 기능을 만들어가요<br>
<br>
<b>주요업무</b><br>
더데이비포에서 운영중인 모바일 앱 Android App 개발 및 유지보수<br>
(4000만 다운로드. 10년간 디데이 분야 1위 앱.)<br>
<br>
<b>자격요건</b><br>
- 안드로이드 앱 개발 경력 2년 이상 / 상용 서비스 운영 경험이 있으신 분<br>
- Java 또는 Kotlin 언어 둘 중 하나를 잘 다루시는 분<br>
- AAC에 대한 이해가 있으신 분<br>
- Android의 Jetpack 라이브러리를 잘 다루시는 분<br>
<br>
<b>우대사항</b><br>
- 다양한 OS / Device 에서 발생하는 문제를 경험 / 해결 해 보신 분<br>
- 글로벌 서비스의 고려사항을 고민해 보신 분<br>
- 단순히 기능 개발 뿐만 아니라 UI / UX에 대한 의견 개진, 제안을 좋아 하시는 분<br>
- AppWidget / Notification / AlarmManager / Workmanager 등을 활용한 개발 경험이 있으 신 분<br>
- Serverless 환경의 앱 서비스를 만들어 보신 분<br>
- firebase sdk 기반 개발 환경을 경험 해 보신 분(firestore / storage / crashlytics / remoteconfig)<br>
- Opensource Library를 통해 생산성을 향상하는 것을 좋아 하시는 분<br>
- 스타트업 경험자<br>
<br>
<b>혜택 및 복지</b><br>
- 최신형 맥북 프로, 4K 모니터 제공<br>
- 식비 전액 지원 (점심 포함)<br>
- 간식 / 커피(네스프레소 구비) 무한 제공<br>
- 자율 휴가제 / 반차 / 반반차 사용가능<br>
- 유연 근무제 (코어 타임 10:00~17:00)<br>
- 매월 마지막 금요일 패밀리데이<br>
<br>
- 복지포인트 매년 120만원 지급<br>
- 각종 청년 지원 제도 지원 (내일채움공제 등)<br>
- 교육 및 도서 구입 비용 무제한 지원<br>
- 업무 성과에 따른 인센티브 넉넉히<br>
- 대기업급 건강검진<br>
- 4대 보험<br>

', '/images/the_day_before_logo.png','2023-03-03',now());

insert into recruitment_post_tb(enterprise_id, title, career, education, pay, sector, position, address, content, enterprise_logo,deadline, created_at) values(3,'인공지능 엔지니어','무관','대졸이상','면접 후 결정','스타트업','머신러닝엔지니어','영등포구 국회대로 50길 20','
• 에이인비는 인공지능 전문가와 바이오 전문가가 모인 항체 신약 개발 회사로 인공지능을 활용한 <br>
   항체 설계로 환자에게 빠르게 제공하는 Just-in-time 신약 개발을 목표로 하고 있습니다.<br>
<br>
• 에이인비 인공지능 연구파트에서 저희와 함께 항체 신약 개발을 이끌어나가실 열정있고 아이디어 <br>
   실행에 적극적인 연구원을 모집합니다. <br>
   지원자는 인공지능, 머신러닝 모델을 개발하게 되며 신약 개발 전문가들과 함께 직접 인공지능으로 <br>
   항체를 설계하고 개발하여 항체 신약 분야와 환자들에게 기여할 수 있습니다.<br>
<br>
<b>주요업무</b><br>
• 인공지능 기초, 활용 분야 최첨단의 연구를 할 수 있습니다.<br>
• 신약 개발 전문가들과 함께 의견을 교환하며 인공지능 모델을 개발 할 수 있습니다.<br>
• 인공지능 연구로 논문을 작성하고 저널이나 학회에 제출하는 것을 장려합니다.<br>
<br>
<b>자격요건</b><br>
• 컴퓨터 공학, 통계학, 수학, 물리학과 또는 연관된 학과의 학사 이상 또는 동일한 수준의 경력<br>
• Python programming 능력<br>
• Pytorch 또는 Jax 활용 경험<br>
<br>
<b>우대사항</b><br>
• 인공지능 학회 또는 논문 제출 경험<br>
• 신약 개발 또는 제약 업계 종사 경험<br>
<br>
<b>혜택 및 복지</b><br>
• 복지포인트 제공<br>
• 건강검진<br>
• 점심식대<br>
• 그 외 다양한 복리후생 도입 검토 중입니다.<br>
', '/images/AinB_logo.png','2023-03-09',now());

insert into recruitment_post_tb(enterprise_id, title, career, education, pay, sector, position, address, content, enterprise_logo,deadline, created_at) values(4,'빅데이터 엔지니어','무관','대졸이상','면접 후 결정','대기업','데이터엔지니어','서울 중구 을지로 100','
신한카드는 금융권 최초로 빅데이터센터를 설립하여 빅데이터 분야에 대한 투자를 아끼지 않고 있습니다.  국내에서 가장 많은 소비data와 고객 behavior data를 엔지니어링하여, 고객들에게 새로운 서비스와 상품, 경험으로 돌려드리는 여정을 함께하실 분을 찾습니다.<br>
<br>
<b>주요업무</b><br>
• 클라우데라 하둡 기반의 빅데이터 분석 플랫폼 개발/운영<br>
• 실시간 데이터 수집, 처리, 적재 등의 파이프라인 설계 및 자동화<br>
• Kafka, Kudu, Spark streaming 프로그램 개발/운영<br>
• 다양한 오픈소스, 클라우드 등을 활용하여 분석 플랫폼 아키텍처 개선<br>
• EDW환경(RDB)과 빅데이터 분석 플랫폼 간의 연계 설계/개발<br>
<br>
<b>자격요건</b><br>
• Hadoop, Hive, Kafka, Kudu, impala 등 빅데이터 분산 처리 시스템 기술<br>
• Spark Streaming, Flink 등 대용량 스트림 처리 기술<br>
<br>
<b>우대사항</b><br>
• 리눅스 엔지니어링 전반 우대 기술<br>
• NoSQL 구축/운영 (MongoDB, ElasticSearch)<br>
• 클라우드 환경에서 빅데이터 플랫폼 구축 운영<br>
• 데이터 분석, 시각화 솔루션 구축/운영 (Jupyter, Tableau, Redash 등)<br>
• RestAPI 서비스 개발 경험<br>
<br>
<b>혜택 및 복지</b><br>
• 협의에 따라 정규직 또는 전문계약직(1년 이상)으로 신한카드에서 제공하는 모든 복지를 제공<br>
• 주 40시간 근무제에 따라 PC off 운영 중<br>
• 시차 출퇴근 형태의 유연근무제<br>
', '/images/shinhancard_logo.png','2023-03-10',now());

insert into recruitment_post_tb(enterprise_id, title, career, education, pay, sector, position, address, content, enterprise_logo,deadline, created_at) values(5,'풀스택 임베디드 개발자','무관','학력무관','면접 후 결정','스타트업','임베디드개발자','구로디지털단지역 근처','
육류외식업 자동화라는 혁신적인 기술을 통해 인건비 문제를 해결하고, 세상 모든 사람들에게 ‘완벽한 육식 경험을 제공’하기 위해 성장하고 있는 “피플즈리그 ”입니다.<br>
<br>
<br>
※ 피플즈리그 & 미트봇(MEATBOT)<br>
<br>
- 현재 외식업계는 인구구조의 변화(출산율 하락), 최저임금의 상승, 디지털 전환과의 가치창출경쟁에서의 도태로 인하여 구인난, 폐업 등 다양한 문제를 겪고 있습니다.<br>

- 우리는 이러한 문제를 해결하기 위해 전 세계 1,372조의 시장규모(국내 19조원)인 육류분야에 진입하였고, MEATBOT이라는 아이템을 개발하였습니다.<br>

- MEATBOT은 Instance Segmentation 기술로 원육을 분석하고 풍미(Flavors), 연도(Tenderness), 육즙(Juiciness)를 기반으로 최적의 맛을 구현하는 아이템을 목표로 하고 있습니다.<br>
<br>
- 프로토타입을 거쳐 ‘Ver.1 모델’이 완성되었고, 인간의 그릴링(Grilling) 수준을 구현할 수 있고, MEATBOT 1대가 사람 4명 이상의 생산량을 대체할 수 있습니다.<br>
<br>
- MEATBOT은 향후 개발단계를 거쳐 각각의 취향을 반영하여 조리할 수 있는 ‘초개인화’를 실현할 수 있는 아이템으로 거듭날 예정입니다.<br>
<br>
<br>
※푸드테크(Food-Tech) 전망과 성공가능성<br>
<br>
- 푸드테크(Food-Tech)분야는 연평균 12.6%의 성장률을 전망하고 있을 만큼 유망하고 가능성이 높습니다.<br>
<br>
- 전 세계적으로 유명한 [Miso Robotics], [Spyce], [Creator] 등의 기업뿐만 아니라, 국내의 [로보아르테](롸버트치킨), [고피자] 등 푸드테크 분야의 기업들 역시 높은 가치를 평가받고 있습니다.<br>
<br>
- 저희 역시 기술력을 인정받아 법인 설립 1년만에 Pre-series A 13억을 유치하였고, TIPS(민간투자주도형 기술창업지원), IBK창공 프로그램, 초기창업패키지 등 다양한 지원사업도 선정되었습니다.<br>
<br>
<b>주요업무</b><br>
• 전기 회로 설계<br>
<br>
• 전원 시스템 설계<br>
<br>
• 노이즈 저감 회로 설계<br>
<br>
• 스펙에 적합한 케이블과 커넥터 선정<br>
<br>
• 전자 회로 설계<br>
<br>
• MCU를 포함한 PCB설계<br>
<br>
• 센서모듈 및 통신모듈 등의 IC를 포함한 PCB설계<br>
<br>
• PCB 외주 제작<br>
<br>
• 펌웨어 개발<br>
<br>
• 센서 제어 펌웨어 개발<br>
<br>
• 통신 제어 펌웨어 개발<br>
<br>
• 기구 설계, SW, AI엔지니어 등 다양한 분야 구성원들과 협업<br>
<br>
<b>자격요건</b><br>
• 학력: 무관<br>
<br>
• 해외여행에 결격 사유가 없는 자<br>
<br>
• MCU F/W 개발 경험 (Cortex M3/4, ESP32 등)<br>
<br>
• 디지털(or 아날로그) 회로 설계 경험<br>
<br>
• 통신 인터페이스에 대한 이해 /활용 경험<br>
<br>
• Datasheet 해석 가능자<br>
<br>
• H/W 관련 이슈 내용 디버깅 가능자<br>
<br>
<b>우대사항</b><br>
• 석,박사 학위 소지자<br>
<br>
• 제품을 완성해본 경험이 있는 자<br>
<br>
<b>혜택 및 복지</b><br>
• 수습기간 급여 100% 지급<br>
<br>
• 코어타임: 월~목 14시 ~ 17시 (3시간)<br>
<br>
• 재택근무: 주 1회(선택)<br>
<br>
• 자유시간(1시간)<br>
<br>
• 식대: 월 20만원<br>
<br>
• 데스커 모션데스크 & 시디즈 T80<br>
', '/images/peoplesleague_logo.png','2023-03-15',now());

insert into recruitment_post_tb(enterprise_id, title, career, education, pay, sector, position, address, content, enterprise_logo,deadline, created_at) values(6,'백엔드_Django 개발 주니어 (1년 이상)','경력','학력무관','2800만원','인력소싱','프론트엔드','서울특별시 마포구 마포대로','
포토카드 거래 시장을 혁신하는 플랫폼</br>
</br>
포카마켓(인플루디오)은 K-POP 포토카드를 국내 및 글로벌로 컬렉팅할 수 있도록 서비스를 제공하는 플랫폼입니다. </br>
</br>
2021년 4월 출시 후 트위터에서 비효율적으로 거래되는 것을 포카마켓 `1:1 매칭 거래` 시스템으로 혁신하였고, 2022년에는 K-POP 포토카드의 글로벌 거래를 혁신하기 위해 입고 거래 시스템인 `인벤토리`를 도입하였습니다. 지속적인 혁신과 시장 도전을 해온 포카마켓 팀은 올해도 누적 회원수 100만명 & 매출 100억원을 목표로 고속 성장을 할 예정입니다. </br>
</br>
포카마켓은, </br>
- 구성원의 성장을 포카마켓의 성장이라 생각하고 팀원들에게 긍정적인 동기부여를 할 수 있도록 노력하고 있습니다.</br>
- 더 높은 수준의 고객경험을 선사하기 위해 최고의 인재만을 채용하고 있습니다.  </br>
- 인재들이 감정소모를 최소화 하고 최고의 고객경험에 집중할 수 있도록, 수평적으로 논의하고 빠르게 의사결정 할 수 있는 팀 체계가 구축되어 있습니다. </br>
- 팀이 성과를 내는데 지원을 아끼지 않습니다. </br>
</br>
성장하는 시장에서의 기회를 제품과 서비스로 풀어나가는 변화를 직접 경험하고 싶다면, 지금 포카마켓에 합류해보세요!</br>
</br>
<b>주요업무</b></br>
• 포카마켓의 백엔드 개발</br>
• 코드 구조 설계 및 코드 품질 관리</br>
• 백엔드 개발 관련 요구사항, 컨벤션 등 프로덕트 개발 기준을 확립</br>
• PO, PM과 협업하여 백엔드 개발 이슈, 프로젝트 스케쥴링 & 관리</br>
</br>
<b>자격요건</b></br>
• 최소 1년 이상의 Django, DRF를 사용한 개발 경험</br>
• Front-End 와의 협업에 대한 높은 이해도</br>
• AWS DevOps에 대한 높은 이해도</br>
• Git을 이용한 코드 관리 및 협업에 대한 경험</br>
</br>
<b>우대사항</b></br>
•  쿼리 최적화, 알고리즘, 분산 처리 등에 관심이 많으신 분</br>
•  개발 문화 개선에 대한 높은 관심이 있는 분</br>
•  코드 리뷰와 테스트 기반 개발에 능숙하신 분</br>
•  다양한 협업 방식을 통해 애자일한 개발 문화를 주도해보신 분</br>
</br>
<b>혜택 및 복지</b></br>
1) 좋은 인재를 모시기에 확실한 보상은 필수죠!</br>
 • 입사시 충분한 처우협의  &  연 2회 연봉협상</br>
 • 분기별 성과에 따른 인센티브 제도 </br>
 • 자기계발을 위한 연 60만원 복지 포인트 지급</br>
</br>
</br>
2) 최고의 효율을 낼 수 있도록 업무 환경을 세팅했어요!</br> 
 • 최상급 업무장비 지원 (맥북, 아이맥 등)</br>
 • 유연 근무제 운영 (지옥철은 피해가세요!)</br>
 • 원격 근무제 운영 (월 1회, 어디서든 포카마켓 게더타운에서 만나요!)</br>
 • 공덕역 3분거리에 위치한 접근성 좋은 오피스 위치</br>
 • 자차 출퇴근시 무료 주차 지원</br>
</br>
</br>
3) 선물과 같은 복지도 준비되어 있어요!</br>
 • 리프레시를 위한 여름/겨울 휴가! </br>
 • 명절에는 무거운 선물을 들고 집으로~</br>
 • 생일에는 선물과 함께 조기퇴근! </br>
 • 맛있는 간식과 커피 무한 제공</br>
</br>
</br>
4) 자유로운 소통 문화는 성장하는 조직의 기본이라고 생각해요! </br>
 • 직급 불문, “-님"으로 부르는 수평적인 문화</br>
 • 매 월 타운홀 미팅을 통해 회사의 성장과 일정 공유</br>
 • 분기별로 컬쳐데이를 통해 타부서 팀원들과도 친목 도모 </br>
    (컬쳐데이에 팀원들과 다양한 체험을 하실 수 있도록 회사가 지원합니다!)</br>
</br>
</br>
</br>
마지막으로 최고의 복지는 옆에 있는 나이스한 팀원이라고 생각해요!</br>
포카마켓 팀은 최고의 프로덕트/서비스를 통해 시장을 혁신하고 고객을 만족시키는 일에 몰두해 있습니다. 성장을 위해 하루하루 즐겁게 일하고 있는 포카마켓에 좋은 팀원들을 모셔서 같이 성장하고 싶습니다. </br>
</br>
우리 포카마켓에서 같이 성장해봐요!</br>
</br>
</br>
</br>
# 채용 절차</br>
• 서류합격  ＞  1차 인터뷰(직무)  ＞  2차 인터뷰(컬쳐핏)  ＞  최종합격
', '/images/poca_logo.png','2023-03-27',now());

insert into recruitment_post_tb(enterprise_id, title, career, education, pay, sector, position, address, content, enterprise_logo,deadline, created_at) values(7,'[미니창고 다락] 인사 운영 매니저','신입','학력무관','면접 후 결정','스타트업','백엔드','서울전체, 서울 강서구','
<img src="/images/second_syndrome.png"></br>
', '/images/secondsyndrome_logo.png','2023-04-27',now());

insert into recruitment_post_tb(enterprise_id, title, career, education, pay, sector, position, address, content, enterprise_logo,deadline, created_at) values(8,'CS / CX 매니저','신입','대졸이상','면접 후 결정','스타트업','소프트웨어','서울.한국','
<img src="/images/bird_korea.png"></br>
', '/images/birdkorea_logo.png','2023-05-01',now());

insert into recruitment_post_tb(enterprise_id, title, career, education, pay, sector, position, address, content, enterprise_logo,deadline, created_at) values(9,'서비스기획자 담당자','경력','대졸이상','3000','서비스','안드로이드','서울특별시 강남구 테헤란로37길 7, 6~7층(역삼동, 조이타워)','
노티플러스는 2017년 4월 설립되어 뉴스, 미디어, 동영상 등 다양한 장르의 콘텐츠에 인공지능 기술을 활용하여 양질의 콘텐츠를 모바일 환경에서 보다 빠르고, 편리하게 즐길수 있는 플랫폼 개발 및 신규 콘텐츠 유통망을 개척/분석하는 AI미디어테크 플랫폼 운영을 주요사업으로 영위하고 있습니다.</br>
</br>
즉, 노티플러스는 언론사, 기업형 콘텐츠 제작사, 개인 크리에이터로부터 기사 및 콘텐츠를 공급받아 머신러닝 기반의 AI기술을 접목해 콘텐츠를 수집, 분류, 예측 후 사용자에게 최적의 콘텐츠를 추천하고 있습니다. 이와 관련하여 노티플러스는 제휴매체에 콘텐츠를 공급하는 서비스인 ‘뉴스픽 B2B’를 시작으로 개인화추천에 최적화된 자체 ‘뉴스픽(픽)’ 앱과 인플루언서 콘텐츠 배포 플랫폼인 ‘뉴스픽파트너스’를 운영하고 있습니다.</br>
</br>
이를 바탕으로 노티플러스는 설립이후 2021년까지 연평균 약 120%의 매출성장율을 시현하였으며, 2021년말 기준 누적으로 약 105억원의 투자금액을 유치하였습니다. 특히, 추천기술과 관련하여 특허등록이 지속적으로 성공함에 따라 재무적성과 달성뿐만 아니라 기술적으로도 성장하는 기업임을 자부하고 있습니다. 노티플러스를 비롯하여 노티플러스의 주요 서비스인 뉴스픽과 뉴스픽파트너스와 관련한 좀 더 자세한 내용을 알고 싶은 분은 노티플러스 및 노티플러스 서비스 홈페이지를 방문해 주시기 바랍니다.</br>
</br>
<b>주요업무</b></br>
• 서류전형 ＞ 1차면접 ＞ 2차면접 ＞ 최종합격</br>
• 뉴스픽웹 PC/Mobile 서비스기획</br>
• 뉴스픽파트너스 PC/Mobile/App 서비스기획</br>
• 뉴스픽앱 신규 앱 론칭 서비스기획</br>
• User 데이터/VOC 기반 서비스기획</br>
• 비즈니스부서와 커뮤니케이션을 통한 Needs/문제정의 및 해결 방안 도출</br></br>

<b>자격요건</b></br>
• 학력: 학사이상</br>
• 자격: 자격무관</br>
• 경력: 서비스기획경력 1년이상</br>
• 기술: 기술무관</br>
• 기타1: IT서비스에 대한 기술적 이해를 바탕으로 아이디어를 시각화하고 문서화하는 능력이 있는분</br>
• 기타2: 개발, 디자인 등 협업 부서와 원활한 커뮤니케이션 능력을 갖춘 분</br>
• 기타3: 데이터에 기반해서 논리적으로 상대방을 설득하는데 익숙한 분</br>
• 기타4: 서비스기획 업무에 대한 열정과 긍정적인 마인드를 갖고 계신 분</br>
</br>
<b>우대사항</b></br>
• 뉴스/온라인커뮤니티/콘텐츠 관련 서비스기획 경험이 있으신 분</br>
• 스타트업 근무 경험 있으신 분</br>
</br>
<b>혜택 및 복지</b></br>
• 인센티브제</br>
• 장기근속포상운영</br>
• 종합건강검진</br>
• 휴가비 지원</br>
• 명절 귀향비 지원</br>
• 팀빌딩 비용 지원</br>
• 생일자 선물</br>
• 직무관련 교육비 지원</br>
• 사내 스낵코너 운영</br>
• 회사 콘도 운영</br>
• 다이어리 지급</br>
• 내일채움공제 지원</br>', '/images/notiplus_logo.png','2023-05-01',now());

insert into recruitment_post_tb(enterprise_id, title, career, education, pay, sector, position, address, content, enterprise_logo,deadline, created_at) values(10,'API Gateway Engineer','경력','대졸이상','3200','대기업','시스템, 네트워크관리자','성남 분당구 황새울로360번길 42','
LINE 앱에서 서버와 주고받는 모든 API를 가장 앞서서 처리하는 네트워크 게이트웨이를 개발하고 운영합니다.</br>
</br>
팀원 모두가 개발 및 운영에 참여하고 동료의 코드를 리뷰합니다. 동료의 원활한 리뷰를 위해 읽기 쉬운 코드, 테스트 및 문서 작성, 동료의 코드를 성실하게 리뷰해 주는 자세, 리뷰를 대하는 열린 태도와 커뮤니케이션 능력이 필요합니다.</br>
</br>
서비스 또는 플랫폼의 요구사항에 의해서 발생하는 기능을 구현하기도 하지만, 시스템 운영 중에 스스로 발견한 문제점을 해결하거나 개선하는 업무가 많습니다. 작은 문제라도 넘어가지 않고 끝까지 추적해서 원인을 찾아내고 해결하는 적극적인 태도 및 데이터를 근거로 판단하는 분석적인 능력이 요구됩니다. 해결해야 하는 문제의 범위는 리눅스 시스템부터 TCP/IP 네트워크, TLS 보안, HTTP/HTTP2 프로토콜 및 Thrift / gRPC까지 포함됩니다.</br>
</br>
초당 백만 이상의 API 호출을 처리하는 대용량 시스템이기 때문에 모든 기능에서 성능에 대한 고려가 필수입니다. 단위 기능에 효율적인 알고리즘을 사용할 수 있어야 하고 구현한 기능의 전체 시스템 성능 영향을 예측할 수 있어야 합니다. 또한 운영 중인 시스템의 로그, 통계, 프로파일링 데이터를 분석하는 업무도 수행합니다.</br>
</br>
새로운 기술을 시도하고 평가, 전파하는 태도 또한 적극 권장합니다.
</br></br>
<b>주요업무</b></br>
• 대규모 커넥션을 유지하는 LINE API 게이트웨이 개발 및 운영</br>
• 메시징 이벤트 전달을 위한 프로토콜 설계 및 구현</br>
• 대규모 로그 및 통계를 분석하여 시스템 평가 및 개선점 발굴</br>
</br>
<b>자격요건</b></br>
• 2년 이상의 네트워크 서버 개발 경력이 있으신 분</br>
• Data Structure, Algorithm, OS, Network 등 충실한 CS 기본기를 갖추신 분</br>
• 기술 문서를 영어로 작성 및 이해 가능하신 분</br>
• 해외 출장 및 근무에 결격 사유 없으신 분</br>
</br>
<b>우대사항</b></br>
• Kubernetes 활용이 가능하신 분</br>
• Erlang/Elixir, Python, C/C++/Rust 코드 작성 및 이해도가 있으신 분</br>
• 분산 시스템에 대한 이해도가 있으신 분</br>
• 일본어로 업무 진행이 가능하신 분</br>
</br>
■ 근무형태 (LINE Hybrid Work 2.0)</br>
</br>
100% 리모트 근무부터 주 N일 리모트 근무까지 유연하게 혼합하여 근무 할 수 있는 LINE Hybrid Work 2.0 제도를 적용합니다.</br>
이에 따라 입사 시 배치 조직의 업무 성격, 프로젝트 주기 및 글로벌 협업 정도 등을 고려하여 자율적으로 설정한 근무형태를 적용받게 되며</br>
업무와 성과를 책임 있게 자율 관리 할 수 있는 곳이라면 국내 지역뿐 아니라, 해외 지역에서의 리모트 근무도 가능합니다.</br>
</br>
■ 근무지</br>
</br>
LINE Hybrid Work 2.0에 따라 근무 가능한 장소에서 근무</br>
(※ 오프라인 협업을 위한 오피스는 분당 서현역 분당스퀘어에 있습니다.)</br>
</br>
■ 근무시간</br>
</br>
매월 Working Day에 따라 정해지는 기준근무시간 내에서 개인이 자유롭게 일/주별 근무하는 LINE Smart 근무제를 적용합니다. 또한, 해당 기준근무시간을 초과하여 근무할 경우 별도의 연장근무수당을 지급합니다.
</br></br>
■ 혜택 및 복지
</br></br>
[LINER의 성장을 지원합니다]
</br></br>
• 월 20만원 한도에서 어학 학습을 지원합니다. </br>
• 각종 워크샵, 직무능력향상 교육, 컨퍼런스 참석 등, 자기계발을 위해 아낌없이 지원합니다.</br></br>

[LINER를 위해 최적의 업무환경을 지원합니다]</br>
</br>
• 업무에 불편함이 없으시도록 가장 최고급 장비를 지급해드립니다.</br>
• 업무 자세와 환경에서도 불편함이 없도록, 허먼밀러 에어론 의자, 아르테미드 스탠드, 스탠딩 데스크를 제공합니다. 
• 사내 카페, 사내 편의점, 은행, 안마의자 등 다양한 사내 편의 시설이 있습니다.</br>
</br>
[LINER의 업무 몰입을 지원합니다]</br>
</br>
• LINER의 건강하고 안정된 삶을 위해, 건강검진, 직원대출제도, 각종 경조사 지원, 상해 보험을 지원해 드립니다. </br>
• 입사 시, Benefit points (복리후생 포인트)를 지급합니다. 네이버페이 포인트, 통신비, 클래스 지원비 등 원하는 곳에 자유롭게 사용하실 수 있습니다. </br>
• 각종 경조사 지원, 휴양시설 운영, 직장 보육시설 등, 다양한 복리후생을 지원합니다. </br>
• 최초 입사 후 2년 만근 시점, 최초 발생일 기준 이후 매 3년 마다 Refresh 휴가를 제공합니다. 기본 연차에 추가로 Refresh 휴가 10일 및 Refresh points를 지급해 드립니다.
</br>
이 외, 더 많은 혜택 및 복지가 여러분을 기다리고 있습니다. 입사 후 더 자세히 만나보세요!</br>', '/images/lineplus_logo.png','2023-04-12',now());
insert into recruitment_post_tb(enterprise_id, title, career, education, pay, sector, position, address, content, enterprise_logo,deadline, created_at) values(11,'API Gateway Engineer','무관','고졸이상','면접 후 결정','서비스','시스템,네트워크관리자','서울 금천구','
<img src="/images/furence.png"></br>
', '/images/furence_logo.png','2023-04-22',now());

insert into apply_tb(user_id, enterprise_id, recruitment_post_id, sector, apply_resume_id, created_at) values('1', '1', '1', '스타트업', '1', now()); 
insert into apply_tb(user_id, enterprise_id, recruitment_post_id, sector, apply_resume_id, created_at) values('1', '2', '2', '스타트업', '2', now()); 
insert into apply_tb(user_id, enterprise_id, recruitment_post_id, sector, apply_resume_id, created_at) values('1', '3', '3', '스타트업', '3', now()); 
insert into apply_tb(user_id, enterprise_id, recruitment_post_id, sector, apply_resume_id, created_at) values('1', '4', '4', '대기업', '1', now()); 
insert into apply_tb(user_id, enterprise_id, recruitment_post_id, sector, apply_resume_id, created_at) values('1', '5', '5', '스타트업', '2', now()); 
insert into apply_tb(user_id, enterprise_id, recruitment_post_id, sector, apply_resume_id, created_at) values('2', '1', '1', '스타트업', '4', now()); 
insert into apply_tb(user_id, enterprise_id, recruitment_post_id, sector, apply_resume_id, created_at) values('2', '2', '2', '스타트업', '5', now()); 
insert into apply_tb(user_id, enterprise_id, recruitment_post_id, sector, apply_resume_id, created_at) values('2', '3', '3', '스타트업', '6', now()); 
insert into apply_tb(user_id, enterprise_id, recruitment_post_id, sector, apply_resume_id, created_at) values('2', '4', '4', '대기업', '4', now()); 
insert into apply_tb(user_id, enterprise_id, recruitment_post_id, sector, apply_resume_id, created_at) values('2', '5', '5', '스타트업', '5', now()); 

insert into apply_resume_tb(recruitment_post_id, user_id, enterprise_id, title, content, career, education, skill, award, language, link, birthdate, address, finish, created_at)  
values('1',
'1',
'1', 
'개발 친화적 커뮤니케이션으로 주간 개발 목표 달성률 50%P 향상', 
'게임 커뮤니티를 둘러보던 중, 같이 게임을 할 팀원을 구하는 팀원 모집 게시판을 발견했습니다. 원하는 팀원의 역할군과 플레이 가능 시간대 등을 게시판에 글로 써서 팀원을 구하는 것이 굉장히 불편해 보였습니다. 게시글의 총 개수를 취합해봤더니 하루 평균 약 4,000~5,000개의 팀원 모 집 글이 게시되고 있었습니다. 하지만, 이후 조사를 통해 국내에는 이들을 연결해주는 서비스가 거의 없다는 사실을 알게 되었습니다. 저는 국내 게이머들을 위한 팀원 매칭 서비스를 직접 만들고자 네이버 카페에서 개발자, 디자이너, 기획자를 모집해 총 4명의 팀원과 프로젝트팀을 구성했습니다. 저는 프로젝트 팀장으로서 사업 계획 수립 및 서비스 기획 관련 업무 총괄 그리고 기획 팀과 개발팀의 의견을 조율하는 역할을 담당했습니다. 프로젝트 초반 당시, 개발팀에 업무가 과도 하게 편중되는 문제에 직면했습니다. 글만 가득한 기획안을 보고 개발팀이 내용을 이해하는데 너 무 많은 시간과 노력이 소모되는 것이 주원인이었습니다. 이를 해결하기 위해, 개발팀이 기획 내 용을 직관적으로 이해할 수 있도록 기획 내용을 이미지 형태로 시각화하고 더 나아가 내용의 이 해를 돕기 위한 참고 이미지도 기획안에 첨부하였습니다. 또한, 개발팀 회의에도 항상 참여하여 서비스 기획 방향과 개발 및 구현 방식을 의논하고 공유함으로써 개발팀과 더욱 적극적인 업무 협력을 진행하였습니다. 이러한 노력 덕에 개발팀이 기획 내용 이해에 소비하는 시간과 노력이 크게 감소하였고 주간 개발 목표 달성률을 30%에서 80%로 향상함으로써 업무 효율성을 높일 수 있었습니다. 이를 통해 교내 우수창업동아리 선정 및 18대 1의 경쟁률을 뚫고 교내 창업경진대회 결선 진출 성공이라는 성과도 거두었습니다. 개발자 및 디자이너와의 1년간의 협업 경험을 통해 효율적인 협업의 시작은 정보를 전달 받는 상대방이 더 쉽게 이해할 수 있는 방법을 고민하는 것이라는 사실을 깨달았습니다.', 
'Cyber Security 침해 대응 및 취약점 진단 등 IT 정보보호 점검/개선
OT/ICS 보안 및 대내외 정보보호 점검 대응', 
'중앙대학교 컴퓨터공학과(2009.03~2017.02)', 
'ReactJS, Typescript, Zustand, AWS', 
'', 
'토익 880, Registration Number: 873493', 
'https://github.com/InSeong-So/IT-Note',
'1990.01.30', 
'경남 창원시 진해구 두동서로 33',
true,
now()); 

insert into apply_resume_tb(recruitment_post_id, user_id, enterprise_id, title, content, career, education, skill, award, language, link, birthdate, address, finish, created_at)  
values('2',
'1',
'2',
'온라인 쇼핑 플랫폼에 화장품 소비자의 니즈를 반영하다', 
'OOO쇼핑사와의 산학협력 프로젝트를 수행하며 화장품/미용 카테고리의 20대 사용자 유치를 위한 서비스 개선 방안을 기획했습니다. 그 과정에서 화장품 소비자들의 구매 패턴과 소비 트렌드를 분석하고, 서비스에 적용하는 방법을 배웠습니다. 특히 소비자들이 화장품을 탐색할 때 피부 특성, 제품 기능 등을 기준으로 리뷰를 선별해 참고하려는 니즈가 있음을 고객 인터뷰를 통해 확인했습니다. 이러한 인사이트를 바탕으로 리뷰의 유효한 키워드를 추출해 검색과 추천에 활용하여 폭넓은 탐색을 돕는 솔루션을 직접 기획했습니다. 그 결과 필요하면서도 적용 가능할 정도로 현실성 있는 기획안이었다는 현직자분들의 피드백을 받았습니다. 그 외에도 재구매 패턴이나 연령대 등에 따라 선호하는 제품 추천 기능이 달라지는 경향 등을 분석하며 맞춤형 서비스 구현에 필요한 화장품 소비자들의 다양한 니즈를 이해했습니다.', 
'Cyber Security 침해 대응 및 취약점 진단 등 IT 정보보호 점검/개선
OT/ICS 보안 및 대내외 정보보호 점검 대응', 
'중앙대학교 컴퓨터공학과(2009.03~2017.02)', 
'React, VueJS, CSS, Node.js, AWS', 
'', 
'토익 880, Registration Number: 873493', 
'https://github.com/InSeong-So/IT-Note',
'1990.01.30', 
'경남 창원시 진해구 두동서로 33',
true,
now()); 

insert into apply_resume_tb(recruitment_post_id, user_id, enterprise_id, title, content, career, education, skill, award, language, link, birthdate, address, finish, created_at)  
values('3',
'1',
'3',
'데이터 기반으로 기획한 프로모션을 통해 230만원 매출 달성', 
'마케팅 콘텐츠 관리에는 노출, 유입률 등 데이터를 분석하고 이를 바탕으로 개선해 나갈 수 있어야 한다고 생각합니다. 마케팅 인턴십에서 고객 데이터를 분석하고 문제를 해결하는 경험을 통해 이러한 역량을 길렀습니다. 서비스의 신규고객 구매전환율을 개선해야 하는 프로젝트을 배정 받은 후 구글 애널리틱스 등을 활용해 여러 관점으로 고객의 행동 패턴을 분석했습니다. 그리고 평균 객단가를 산출해 이를 기반으로 첫 구매 마일리지를 지급하는 프로모션을 기획했습니다. 프로모션 홍보 이메일 및 SMS 내 링크에 태그를 삽입하여 유입 고객의 데이터를 수집했고, 고객의 데이터베이스를 엑셀에 연결해 객단가, 가입 시기 등을 실시간으로 추적했습니다. 이를 분석해 신규고객에 대한 인사이트를 도출하고 추가적인 마케팅 방안을 기획해 주간 회의에서 발표한 결과, 높은 성과와 지속적으로 활용 가능한 마케팅 사례를 남긴 노력을 인정받아 해당 인턴십의 직무 우수자로 선정되었습니다.', 
'Cyber Security 침해 대응 및 취약점 진단 등 IT 정보보호 점검/개선
OT/ICS 보안 및 대내외 정보보호 점검 대응', 
'중앙대학교 컴퓨터공학과(2009.03~2017.02)', 
'React, VueJS, CSS, Node.js, AWS', 
'', 
'토익 880, Registration Number: 873493', 
'https://github.com/InSeong-So/IT-Note',
'1990.01.30', 
'경남 창원시 진해구 두동서로 33',
true,
now());

insert into apply_resume_tb(recruitment_post_id, user_id, enterprise_id, title, content, career, education, skill, award, language, link, birthdate, address, finish, created_at)  
values('4',
'1', 
'4',
'개발 친화적 커뮤니케이션으로 주간 개발 목표 달성률 50%P 향상', 
'게임 커뮤니티를 둘러보던 중, 같이 게임을 할 팀원을 구하는 팀원 모집 게시판을 발견했습니다. 원하는 팀원의 역할군과 플레이 가능 시간대 등을 게시판에 글로 써서 팀원을 구하는 것이 굉장히 불편해 보였습니다. 게시글의 총 개수를 취합해봤더니 하루 평균 약 4,000~5,000개의 팀원 모 집 글이 게시되고 있었습니다. 하지만, 이후 조사를 통해 국내에는 이들을 연결해주는 서비스가 거의 없다는 사실을 알게 되었습니다. 저는 국내 게이머들을 위한 팀원 매칭 서비스를 직접 만들고자 네이버 카페에서 개발자, 디자이너, 기획자를 모집해 총 4명의 팀원과 프로젝트팀을 구성했습니다. 저는 프로젝트 팀장으로서 사업 계획 수립 및 서비스 기획 관련 업무 총괄 그리고 기획 팀과 개발팀의 의견을 조율하는 역할을 담당했습니다. 프로젝트 초반 당시, 개발팀에 업무가 과도 하게 편중되는 문제에 직면했습니다. 글만 가득한 기획안을 보고 개발팀이 내용을 이해하는데 너 무 많은 시간과 노력이 소모되는 것이 주원인이었습니다. 이를 해결하기 위해, 개발팀이 기획 내 용을 직관적으로 이해할 수 있도록 기획 내용을 이미지 형태로 시각화하고 더 나아가 내용의 이 해를 돕기 위한 참고 이미지도 기획안에 첨부하였습니다. 또한, 개발팀 회의에도 항상 참여하여 서비스 기획 방향과 개발 및 구현 방식을 의논하고 공유함으로써 개발팀과 더욱 적극적인 업무 협력을 진행하였습니다. 이러한 노력 덕에 개발팀이 기획 내용 이해에 소비하는 시간과 노력이 크게 감소하였고 주간 개발 목표 달성률을 30%에서 80%로 향상함으로써 업무 효율성을 높일 수 있었습니다. 이를 통해 교내 우수창업동아리 선정 및 18대 1의 경쟁률을 뚫고 교내 창업경진대회 결선 진출 성공이라는 성과도 거두었습니다. 개발자 및 디자이너와의 1년간의 협업 경험을 통해 효율적인 협업의 시작은 정보를 전달 받는 상대방이 더 쉽게 이해할 수 있는 방법을 고민하는 것이라는 사실을 깨달았습니다.', 
'Cyber Security 침해 대응 및 취약점 진단 등 IT 정보보호 점검/개선
OT/ICS 보안 및 대내외 정보보호 점검 대응', 
'중앙대학교 컴퓨터공학과(2009.03~2017.02)', 
'ReactJS, Typescript, Zustand, AWS', 
'', 
'토익 880, Registration Number: 873493', 
'https://github.com/InSeong-So/IT-Note',
'1990.01.30', 
'경남 창원시 진해구 두동서로 33',
true,
now());

insert into apply_resume_tb(recruitment_post_id, user_id, enterprise_id, title, content, career, education, skill, award, language, link, birthdate, address, finish, created_at)  
values('5',
'1',
'5',
'온라인 쇼핑 플랫폼에 화장품 소비자의 니즈를 반영하다', 
'OOO쇼핑사와의 산학협력 프로젝트를 수행하며 화장품/미용 카테고리의 20대 사용자 유치를 위한 서비스 개선 방안을 기획했습니다. 그 과정에서 화장품 소비자들의 구매 패턴과 소비 트렌드를 분석하고, 서비스에 적용하는 방법을 배웠습니다. 특히 소비자들이 화장품을 탐색할 때 피부 특성, 제품 기능 등을 기준으로 리뷰를 선별해 참고하려는 니즈가 있음을 고객 인터뷰를 통해 확인했습니다. 이러한 인사이트를 바탕으로 리뷰의 유효한 키워드를 추출해 검색과 추천에 활용하여 폭넓은 탐색을 돕는 솔루션을 직접 기획했습니다. 그 결과 필요하면서도 적용 가능할 정도로 현실성 있는 기획안이었다는 현직자분들의 피드백을 받았습니다. 그 외에도 재구매 패턴이나 연령대 등에 따라 선호하는 제품 추천 기능이 달라지는 경향 등을 분석하며 맞춤형 서비스 구현에 필요한 화장품 소비자들의 다양한 니즈를 이해했습니다.', 
'Cyber Security 침해 대응 및 취약점 진단 등 IT 정보보호 점검/개선
OT/ICS 보안 및 대내외 정보보호 점검 대응', 
'중앙대학교 컴퓨터공학과(2009.03~2017.02)', 
'React, VueJS, CSS, Node.js, AWS', 
'', 
'토익 880, Registration Number: 873493', 
'https://github.com/InSeong-So/IT-Note',
'1990.01.30', 
'경남 창원시 진해구 두동서로 33',
true,
now());

insert into apply_resume_tb(recruitment_post_id, user_id, enterprise_id, title, content, career, education, skill, award, language, link, birthdate, address, finish, created_at)  
values('1',
'2',
'1',
'소통의 오류를 문화의 이해로 해결하다', 
'대학생 시절, 일본인 교환학생과 토론 동아리 활동을 한 경험이 있습니다. 매주 진행하는 토론에서 일본인 학생의 참여율이 저조해졌습니다. 토론의 특성 상 서로의 의견을 피력하고 설득하는 과정에서 감정이 격양되는 점이 부담이 될 것이라고 추측했습니다. 직설적인 표현보다는 돌려 말하는 것이 문화인 일본인에게 토론의 열기는 오히려 부담될 것으로 생각했습니다. 그리하여 문제를 해결하기 위해 먼저 언어적으로 서로를 이해할 수 있는 시간을 가졌습니다. 한글이 익숙하지 않은 학생에게 한국어 교재와 드라마를 추천하며 유대감을 쌓아갔습니다. 또한, 점심으로 일본 음식을 먹고 일어를 배우면서 그들의 문화를 이해하고 존중하는 시간을 가졌습니다. 동아리 활동이 끝나고 일본인 학생은 타지에서 온 자신을 이해하고 배려하려는 태도에 감동을 하여 자신의 집에 놀러 올 것을 권유하면서 고국으로 돌아갔습니다.

이 경험을 통해 갈등의 원인이 문화의 차이임을 인정하고 서로의 문화를 존중하고 배려하는 마음만 있다면 어떤 문화의 사람이든 함께 즐길 수 있다는 것을 깨달았습니다.', 
'', 
'부산대학교 컴퓨터공학과(2015.03~2021.02), 부경대학교 컴퓨터공학 석사(2022.03~)', 
'React, VueJS, CSS, Node.js, AWS', 
'ICT 스마트 디바이스 전국공모전 우수상(2020.08)', 
'토익 770, 오픽 AL, 중국어 HSK 5급', 
'https://github.com/jungilhan/awesome-blogs-android',
'1996.05.25', 
'서울시 강남구 삼성로95길 6',
true,
now()); 

insert into apply_resume_tb(recruitment_post_id, user_id, enterprise_id, title, content, career, education, skill, award, language, link, birthdate, address, finish, created_at)  
values('2',
'2',
'2',
'할 수 있다는 믿음으로 달성한 첫 수상', 
'대학생 시절, 저는 AI 개발을 공부해보자는 다짐을 가지고 수상을 목표로 대회에 출전하였습니다. AI 알고리즘 코드를 짜본 경험이 없었기 때문에 대회 진행에 어려움을 겪었습니다. 그리하여 AI 개발에 능숙하신 교수님과 선배님들에게 이메일을 보내 적극적으로 도움을 요청하였습니다. 또한, 대회와 관련된 교내의 모든 AI 서적과 깃헙의 코드를 공부하면서 코드를 완성하였습니다. 하지만 수상을 목표로 출전한 대회에서는 입상도 하지 못하였습니다. 하지만 실패에 낙담하지 않고 뭐든지 할 수 있다는 믿음으로 대회에 다시 출전하였습니다. 팀원을 모아 다양한 시각을 통해 문제를 극복하고, 정기적으로 교수님에게 첨삭을 받으면서 프로젝트의 방향성이 맞는 지를 확인했습니다. 1년 동안 같은 데이터로 꾸준히 연구한 결과를 논문으로 구체화하였고, 그 결과 대회에서 최우수상을 받을 수 있었습니다. 1년의 프로젝트에서 지치지 않고 좋은 성과를 만들어낸 경험을 토대로 SK텔레콤에서 추진력을 발휘하여 최고의 결과를 낼 수 있도록 기여하고 싶습니다.', 
'', 
'부산대학교 컴퓨터공학과(2015.03~2021.02), 부경대학교 컴퓨터공학 석사(2022.03~)', 
'ReactJS, Typescript, Zustand, AWS', 
'ICT 스마트 디바이스 전국공모전 우수상(2020.08)', 
'토익 770, 오픽 AL, 중국어 HSK 5급', 
'https://github.com/jungilhan/awesome-blogs-android',
'1996.05.25', 
'서울시 강남구 삼성로95길 6',
true,
now()); 

insert into apply_resume_tb(recruitment_post_id, user_id, enterprise_id, title, content, career, education, skill, award, language, link, birthdate, address, finish, created_at)  
values('3',
'2',
'3',
'가장 단순한 해결 방법을 통해 효율적인 결과를 도출하다', 
'전선 탐지 알고리즘 제작 프로젝트를 진행할 당시, AI 알고리즘이 촬영한 사진의 빛 번짐으로 인해 전선을 제대로 탐지하지 못하는 문제가 발생했습니다. 이를 해결하기 위한 회의 과정에서 빛 번짐을 제거할 수 있는 코드를 적용하여 데이터를 전처리 하자는 의견이 나왔습니다. 하지만 촬영한 데이터를 후처리하는 방식보다는 촬영 시에 빛 번짐이 덜한 종이를 뒤에 받쳐 찍으면 더 단순한 방식으로 문제를 해결할 수 있다고 생각했습니다. 그리하여 근처 문구점에서 하드보드지를 사 와서 빛 번짐이 발생하는지 테스트 해본 다음 해당 사진을 근거로 재촬영을 제안했습니다. 결과적으로 물체를 탐지하는 데 걸리는 시간을 최소화할 수 있었고 정확도가 20% 이상 향상 하는 성과를 달성할 수 있었습니다. 또한, 외주사에서 제시한 정확도를 달성하여 프로젝트를 진행할 수 있었습니다. 근본적으로 문제를 해결하려는 마음가짐으로 문제 해결을 위한 가장 효과적이고 단순한 방법을 고안하여 좋은 성과를 낼 수 있었습니다.', 
'', 
'부산대학교 컴퓨터공학과(2015.03~2021.02), 부경대학교 컴퓨터공학 석사(2022.03~)', 
'ReactJS, Typescript, Zustand, AWS', 
'ICT 스마트 디바이스 전국공모전 우수상(2020.08)', 
'토익 770, 오픽 AL, 중국어 HSK 5급', 
'https://github.com/jungilhan/awesome-blogs-android',
'1996.05.25', 
'서울시 강남구 삼성로95길 6',
true,
now());

insert into apply_resume_tb(recruitment_post_id, user_id, enterprise_id, title, content, career, education, skill, award, language, link, birthdate, address, finish, created_at)  
values('4',
'2',
'4',
'소통의 오류를 문화의 이해로 해결하다', 
'대학생 시절, 일본인 교환학생과 토론 동아리 활동을 한 경험이 있습니다. 매주 진행하는 토론에서 일본인 학생의 참여율이 저조해졌습니다. 토론의 특성 상 서로의 의견을 피력하고 설득하는 과정에서 감정이 격양되는 점이 부담이 될 것이라고 추측했습니다. 직설적인 표현보다는 돌려 말하는 것이 문화인 일본인에게 토론의 열기는 오히려 부담될 것으로 생각했습니다. 그리하여 문제를 해결하기 위해 먼저 언어적으로 서로를 이해할 수 있는 시간을 가졌습니다. 한글이 익숙하지 않은 학생에게 한국어 교재와 드라마를 추천하며 유대감을 쌓아갔습니다. 또한, 점심으로 일본 음식을 먹고 일어를 배우면서 그들의 문화를 이해하고 존중하는 시간을 가졌습니다. 동아리 활동이 끝나고 일본인 학생은 타지에서 온 자신을 이해하고 배려하려는 태도에 감동을 하여 자신의 집에 놀러 올 것을 권유하면서 고국으로 돌아갔습니다.

이 경험을 통해 갈등의 원인이 문화의 차이임을 인정하고 서로의 문화를 존중하고 배려하는 마음만 있다면 어떤 문화의 사람이든 함께 즐길 수 있다는 것을 깨달았습니다.', 
'', 
'부산대학교 컴퓨터공학과(2015.03~2021.02), 부경대학교 컴퓨터공학 석사(2022.03~)', 
'React, VueJS, CSS, Node.js, AWS', 
'ICT 스마트 디바이스 전국공모전 우수상(2020.08)', 
'토익 770, 오픽 AL, 중국어 HSK 5급', 
'https://github.com/jungilhan/awesome-blogs-android',
'1996.05.25', 
'서울시 강남구 삼성로95길 6',
true,
now());

insert into apply_resume_tb(recruitment_post_id, user_id, enterprise_id, title, content, career, education, skill, award, language, link, birthdate, address, finish, created_at)  
values('5',
'2',
'5',
'할 수 있다는 믿음으로 달성한 첫 수상', 
'대학생 시절, 저는 AI 개발을 공부해보자는 다짐을 가지고 수상을 목표로 대회에 출전하였습니다. AI 알고리즘 코드를 짜본 경험이 없었기 때문에 대회 진행에 어려움을 겪었습니다. 그리하여 AI 개발에 능숙하신 교수님과 선배님들에게 이메일을 보내 적극적으로 도움을 요청하였습니다. 또한, 대회와 관련된 교내의 모든 AI 서적과 깃헙의 코드를 공부하면서 코드를 완성하였습니다. 하지만 수상을 목표로 출전한 대회에서는 입상도 하지 못하였습니다. 하지만 실패에 낙담하지 않고 뭐든지 할 수 있다는 믿음으로 대회에 다시 출전하였습니다. 팀원을 모아 다양한 시각을 통해 문제를 극복하고, 정기적으로 교수님에게 첨삭을 받으면서 프로젝트의 방향성이 맞는 지를 확인했습니다. 1년 동안 같은 데이터로 꾸준히 연구한 결과를 논문으로 구체화하였고, 그 결과 대회에서 최우수상을 받을 수 있었습니다. 1년의 프로젝트에서 지치지 않고 좋은 성과를 만들어낸 경험을 토대로 SK텔레콤에서 추진력을 발휘하여 최고의 결과를 낼 수 있도록 기여하고 싶습니다.', 
'', 
'부산대학교 컴퓨터공학과(2015.03~2021.02), 부경대학교 컴퓨터공학 석사(2022.03~)', 
'ReactJS, Typescript, Zustand, AWS', 
'ICT 스마트 디바이스 전국공모전 우수상(2020.08)', 
'토익 770, 오픽 AL, 중국어 HSK 5급', 
'https://github.com/jungilhan/awesome-blogs-android',
'1996.05.25', 
'서울시 강남구 삼성로95길 6',
true,
now()); 

commit;	